club_clean,count
INDEPENDIEN,2484
UCSC,19
SARIÑENA,18
OSCENSE,15
BARBASTRO,11
OPEN NATURA,9
FRAGA,8
ERMUKO TXIRRINDULARI ELKARTEA,7
ARIZ,7
CUARTE DE HUERVA,7
ALMORZARAS,7
ALMORZAR.AS,7
BTT BONAIRE,7
BTTNOSUBOMAS,7
VELO CARLET,6
PAQUETES DE ARROYOMOLINOS,6
RUNNERS PREIXANA,6
GARRIBIKES,5
JUBIERRE,5
GUALDETXU MBTT,5
EL BICHO,5
UTEBO,5
TUR,5
PEÑA GUARA,5
ZARAUZKO ZIKLOTURISTA ELKARTEA,5
TURIASO,5
BIKE BCN,5
GRAUS,5
BTT EJEA,5
SAIDI,5
ABRERA,5
ACTUR,5
SANT CELONI,5
ENBICIPORMADRID,5
BAIX CAMP,5
BTT ZARAGOZA,4
ETXEBARRI XTREM,4
DICT BIKES,4
HUECHA,4
GER,4
EQUIPO DEPORTIVO NUTRIOBELIX,4
SURICATOS-TANDEM,4
SPORT CICLISTA BETULO,4
BIKECARDE10,4
INDEPENDIENTE,4
EL CUBIO,4
CASPOLINO,4
GARRI BIKES,4
ANDACAMINOS,4
SOSES,4
TUBULAR,4
EDELWEISS,4
SAB,4
RAVET BIKE,4
SENDERO,3
UC VILANOVA,3
BASAHUNTZAK TKT ETXEBARRI,3
OZONO,3
TEAM DISNOVA,3
SÁSTAGO,3
ORBEA SPORT,3
TÀRREGA,3
DOMINRIDERS MOZARRIFAR,3
EBRO,3
E32,3
TERRASSA BIKE B,3
SENA,3
BIRRABIKES,3
BLACKS & GREENS,3
SANTA ISABEL,3
CANTONET,3
SANT JOAN DESPÍ,3
SAIATUZ TKT,3
CICLES FANDOS,3
SERMA,3
BIKE GALLERY TEAM,3
COMPOSTELANO,3
POPPANOLIS,3
OPOZAL,3
PLANIFICAT CYCLING TEAM,3
BICILAB,3
BLACK PATA,3
BICIATS DEL GARRAF,3
E C BAIX CAMP,3
TRI+9 EL MASNOU,3
LOS LOBOS,3
BANYOLES,3
ATALAYA BIKE,3
LECIÑENA,3
ZARATANBIKES,3
LANAJA BTT,3
MIS JUEVES,3
ALEN BIKE,3
XE TIRA TU,3
JOSELITOMOUNTAINCLÚ,3
MONTBRIO DEL CAMP,3
MONTBRIÓ,3
VELEÑO,3
GETAITRI,3
ARROYOBIKERS,3
BASAHUNTZAK TKT,3
URIONA,3
ESPORT CICLISTA MANRESA,3
EXTREM ZORNOTZA,2
O2 ESPORTS,2
LA BÁSCULA,2
LA ALCARRIA,2
SAX,2
SASIORDEKA K.E.,2
KUSKUMENDI MTB,2
CALDERÍ,2
SARROCA BIKERS,2
OM BICI,2
CAMPREDÓ,2
SANTURTZIKO MENDIZ,2
MIXTOSBIKE2020,2
KING KISS,2
SANTA EULALIA,2
CARCASTILLO,2
KE PASA TIU TEAM,2
MONBIKER,2
KATALINO TRAPAGARAN B,2
CASTELLOIZ FACTORY TEAM,2
SALVADORES BIKE TEAM,2
MEGABICI,2
LA MONTAÑA ARANJUEZ,2
ELOMENDI,2
BTT PRADOLUENGO,2
BTT CAMPO ARCIS,2
LUNÁTICOS BIKE,2
LLODIANA,2
MANLLEU,2
BTT LA CANONJA,2
LEITZ KKE,2
BTT LA RÀPITA,2
BTT MONTBIKE,2
ORBEA,2
SERB,2
LAUDIOAR,2
MAYENCOS,2
EN BICI POR MADRID,2
C.A GENOVÉS,2
SOCIEDAD CICLISTA BILBAINA,2
SOCIAL CHEYENNE,2
C.C DOMINRIDERS MOZARRIFAR,2
MAÑICAS BIKE TEAM,2
CEBICISPORT,2
KATALINO BTT,2
F2 ALJU,2
EL BICHO BICICLETAS,2
HUAR,2
DICT BIKE,2
HORTA,2
PEDALITROS,2
GURIEZO MTB TEAM,2
ESPORTIU LO NEGRELL,2
PC BARBERA,2
PASICO A PASICO,2
MTB BICIKLETOS,2
MTB EL TIO DEL MAZO,2
MTB LOBOS ZARAGOZA,2
PAQUETAZOS,2
ESTIVELLA BIKE,2
EDELWEIS,2
MUNDO,2
EDIBIKES,2
EJAROM BIKES,2
MYRMIDONS TEAM,2
EL TEMPLO DEL BIKER,2
.FRAGA,2
PINSEQUE,2
MONTSERRATÍ BIKERS,2
IURRETA TXIRRINDULARI ELKARTEA,2
EL TORICO,2
MONROYO,2
JABAT@S TRAIL TEAM BTT,2
RUNBIKE,2
ROYAL LLEIDA,2
CICLOSPORT,2
ELORRIOKO BANAN BANAN ZK* E,2
R360PROBIKE,2
QUINTO RACING TEAM,2
CUARENTA X EL DESIERTO,2
MONTBIKE AMPOSTA,2
PRO360BIKES,2
PRO360,2
NENS OUTDOOR,2
TARAZONA,2
MONTBRIÓ DEL CAMP,2
POIO BIKE,2
IBT,2
MONTAÑERAS ADEBAN,2
HÍJAR,2
SAN MARIANO TRAM,2
BIKE GALLERY,2
ANCINFREELAND,2
BIKE TIME TRI,2
BIKESTOCKS,2
WERUNTEAM,2
ALMACELLES PEDAL,2
ALCOLETGE,2
BIKINEROS,2
TORREZNOBIKES,2
TORREJON,2
BILBAINA,2
TORELLO,2
AL11EC,2
TOMAS MOLINA,2
BIRRABIKE,2
AGUILAR,2
TRES CAMPANARS,2
TRES CANTOS,2
BIZIKLETA.COM,2
TRI+ MORALZARZAL,2
BARAKABIKE,2
UCC CAMPDEVANOL,2
AVECHUCHOS,2
BERA BERA,2
TRUJILLO,2
UNIÓ CICLISTA SANT CUGAT,2
UNIÓ CICLISTA TORREDEMBARRA,2
BICI-ATS TERRA ALTA,2
URGOZO,2
BICICLETAS APARICIO B,2
TRIATLÓ BLANES,2
USSP AMIKUZE CYCLISME,2
ARVO CLLCTV,2
TRIATLOTERRASSASPORTS,2
ARRIGORRIAGAKO TXIRRINDULARIAK,2
YELLOW SOCKS,2
BALLOBAR,2
BLANDA ESPARTANS Y DONES A PEDALS,2
Z5 X-TREME,2
TEAM SAN MARIANO,2
TEAM COLOMBIA,2
BTT BENIARJO,2
BONANOS CC,2
BLANDA SPARTANS,2
TEAM YURREBASO,2
A FOGATINA,2
BONAVISTA,2
TECNIBIKE,2
BM EL PAPIOL,2
VACARISSESCORRE,1
MUNTBIKES,1
VALENTIN URIONA,1
MALGRAT / BLANDA ESPARTANS,1
NATACIÓ BARCELONA,1
NABIGA 360,1
MANLLEUENC,1
ZOITI HUESCA,1
ZIKLOTURISTA ELKARTEA,1
MÓRA D'EBRE,1
MÓN BOHEMI RACE TEAM,1
UTECO,1
MTB LOS COLEGAS DE ET,1
MUSSOLS GANXONS,1
MUNDARRO F.K.E,1
MTB LOS LOBOS ZARAGOZA,1
MUGARRA TRIATLOI TALDEA,1
MUEBLES PINTO,1
MTB_SIGÜENZA,1
NATACIÓ CALDES,1
MTBIKERS SABADELL,1
MTB POZO DE ALMOGUERA,1
MTB VILLALVARO,1
MTB SANTA CRUZ DEL RETAMAR,1
UTRELLA,1
MTB VILLALBILLA,1
MTB TANOS,1
UZE,1
MENDAROKO TXIRRINDULARI RLKARTEA,1
NAVARCLES,1
URRIA BIKERS,1
MAKINAS&RILAOS,1
ONDALAN,1
UNIO CICLISTA TREMP,1
UNIO EXCURSIONISTA EL PRAT,1
LOS SEMIS RUBÍ BTT,1
OLIMPIA CICLES,1
OCTOWAVE,1
OARSOTRI,1
UNIÓ CICLISTA LES FRANQUESES,1
NOVA DEL VALLÉS CYCLING TEAM,1
LOURIÑA TEAM,1
ZZE,1
NOVA DEL VALLES CYCLING TEAM,1
NOU EMPURDA BIKES,1
NORTE Y SUR,1
NORTE KLUBA,1
UNIÓ CICLISTA OLESANA (UCO),1
NORMADUVALMOUNTAINCLÚ,1
LURBEL TEAM PEOPLESAPIENS,1
NORINVER CICLYNG TEAM,1
NORINVER,1
NOLIMITS,1
NO HAY DOLOR,1
NO BIKERS,1
NINBIKE SUANCES,1
ZORRIBIKE,1
NESTLE,1
UNIÓ EXCUCIONISTA DE VIC,1
VALLE DE CASTAÑEDA,1
L’ESCALA,1
VALLE DE BENASQUE A.C.,1
MARAURY,1
MTB LOBOS,1
XTREM,1
VO2 TEAM,1
VTT  D'ALBRET,1
MONTBIKE,1
MATXITXAKO,1
VULPES,1
ZARAUZTARRA TXE,1
MONTAÑA KI2,1
WERUNTEMA,1
MATXITXAKO TALDEA,1
XANCLETAS BIKES,1
XETIRATU,1
MONEGROS CARRETERA ZARAGOZA,1
XIQUETS PERDUTS,1
MONEGROS BTT,1
XTREME BIKE VIGO,1
MTB LEONES,1
MON BOHEMI RACE TEAM,1
ZARAUTZKO ZIKLOTURISTA ELKARTEA,1
MOGODA BIKE,1
MOCHUELOS MTB,1
MC FEET BIKE TEAM,1
XTREMEBIKE,1
ME COMPRE UNA BICI Y ME LIE,1
XURRIBIKERS,1
YELLOW SOCK,1
MEDINA COMPETICIÓN,1
MERCEDES BTT,1
MERCEDES BENZ B,1
Z5,1
MENDIBIKE,1
VK TRIATLON,1
VINTOROBIKE,1
VILOFORTS,1
VILASECA I PENYA CICLOTURISTA CAMBRILS,1
VALLE DE CASTAÑEDA C.C,1
YEQUEDABICI,1
MTB COLEGAS DE ET,1
MTB CIGALES,1
ZESTOAKO GURUTZEAGA TXIRRINDULARITZA KLUBA,1
MARRASKILO NEGARTIAK,1
MTB ANDREAK,1
VARISSESCORRE,1
MRT CYCLING  MALGRAT,1
MOUNTAIN BIKE TANOS,1
MOTO5,1
MORTIMER,1
VAS CYCLING,1
MORATA DE JALÓN,1
VELODROM,1
MORA MTB BICIKLETOS,1
MONZÓN,1
MATACANES B,1
MONZON,1
UNICA CICLISME PALAU,1
VESPELLA,1
VESPELLA DE GAIA,1
MONVAL,1
VIDABIKES,1
VIGUÉS,1
MONTSERRATI BIKERS,1
MONTJUIC,1
VILA BIKE'S,1
MONTCADA,1
VELODROM.,1
TANOS MTB,1
OPEN NATURA  ESPORTIU B,1
TOPE,1
SALOU TRIATHLON COSTA DAURADA,1
SALTOKI TRIKIDEAK,1
TRACK TEAM BIKE STORE,1
SAN JUAN DESPI,1
SAN MARIANO TEAM,1
LOS REALES,1
SANAGUS TEAM,1
SANCISPORTS,1
SANDALIO,1
TRACK C.D.,1
TORTUGAS VERDES,1
SANT GERVASI TRIATLO,1
SANT GRAU,1
SANT JOAN DESPI,1
TORREGROSSA,1
SALIGNAC CYCLOTOURISME,1
SAIDÍ,1
TRAGAMILLAS ALCAÑIZ,1
RUNBAIK,1
ROSES,1
ROUBAIX,1
ROUTIER PREMIA,1
TRANSMONEGRINOS TEAN,1
RR BIKERS,1
RUIZRE SEGUROS,1
TRANSMONEGRINOS BIKE TEAM,1
TRAIGUERA,1
RUNBIKE ALCOI,1
TRAN-TRAN,1
RUNBIKE ALCOY,1
TRAMDUR,1
TRAIL RUN CAMÍ DELS IBERS,1
SAIATUZ,1
TORELLÓ,1
SAPPORO72,1
OPEN NATURA B,1
SARRIÀ DE TER,1
SPORT,1
SPORT CICLISTA BAIX CAMP,1
SPORTBIKE BCN,1
TEAM TEJADABIKER,1
SPORTBIKEBCN,1
SPRINT,1
SPRINTBIKE,1
SPT,1
TEAM STS,1
STADIUM CASABLANCA,1
TEAM BIKE AND BICI LLEIDA,1
T' ALTO - LITUÉNIGO,1
TAUSTE,1
TALDEA PAYS BASQUE,1
TAMAYO TEAM,1
TEAM XERTA,1
SOFO-KOM,1
SOCIEDAD CICLISTA VITORIANA,1
TERRAFERMA,1
THE BEST BIKE GIRONA,1
THE BEST BIKE,1
SASIORDEKA KE,1
SASTAGO,1
TERRES DE LLEIDA,1
SEGURA EXTREME TRIATLON,1
SENTEBE,1
TEAM ÉLITE,1
TERRABIKE  ESPORTIU,1
SIGENENSE,1
SIGÜES,1
SIJENENSE,1
SJD,1
SOBREBICI,1
RIUDELLOTS,1
RIOJA TRIATLON,1
RENALINA,1
REINO DE LOS MALLOS,1
TRICARLET,1
PANTICOSA ESQUÍ,1
TRICALAVERA,1
TRIBOOST,1
TRIATLÓN VALLIRANA,1
TRIATLÓN OVIEDO,1
TRIATLÓN GRANOLLERS,1
PC MUNDO,1
PC.MUNDO,1
PEDALES GETAFE,1
PEDALITROS PORZUNA,1
PEGO I LES VALLS,1
PENYA CICILSTA PORRERENCA,1
TRIATLÒ TERRASSASPORTS,1
PENYA CICLOTURISTA CAMBRILS,1
TROTABIKE,1
TRYNERS HARO,1
PALOBIKE & AMETLLER ORIGEN,1
OTXE,1
UNICA CICLISMA PALAU,1
UNCASTILLO,1
ULTRAS SAO MAMEDE,1
UCT,1
ORKATZETA KIROL KLUBA,1
UCO,1
UC.BENIDORM,1
TU PEDALA,1
UC CAMPDEVANOL,1
OZONO TCQ,1
P.C EDUARDO CHOZAS,1
TARRAGONA,1
PALAFOLLS,1
TUROLENSE,1
PENYA EL CUC,1
PENYA LA BUTI,1
PETTA,1
RAID TRAIL CALAMOCHA,1
TREVOL BIKESPORTS*,1
PROCYCLE,1
PRORUNNERS BCN,1
PSYCLING FACTORY TEAM,1
PSYCYCLING COACH,1
PUERTO DE TORREVIEJA,1
RAISAN,1
PRAT BIKE,1
RATPENATS VDM BIKERS TEAM,1
RAVET,1
TRANSPERFECT BY TMB FOR AFANOC,1
RB,1
REAL SITIO DE ARANJUEZ,1
REGALIZ DE PALO,1
TRI + 9 EL MASNOU,1
TRIANLONN,1
PEÑA EXPÓSITO,1
PISTA BARCELONA,1
TRIATLON TORRELAVEGA,1
PEÑA LOS CONEJOS,1
PEÑISPERA,1
PICONEROS BIKE,1
TRIATLON TEAM,1
PINYO FIXO,1
TRIATLON HURACAN PUERTO DE SAGUNTO,1
POBLE NOU,1
PLANA LLADO,1
TRIATLON ARABI YECLA,1
PLANIFICAT C.T.,1
TRIATHLON ALOHA,1
PLATJA D'ARO,1
PLATJA D´ARO,1
TXIRRINTA BIKES,1
.BAIX CAMP,1
LOINAZ,1
BIKE - RUN ALCOLEA,1
BIOFRUTAL SPORT,1
BIRRA BIKE,1
BIRRETES TEAM,1
BIRRETES TEAM CÀLIG,1
BLACK & GREENS,1
BLACK&GREENS,1
BLACKS &GREENS,1
BLAIBIKES,1
BLANDA BEARS,1
BLANDA ESPARTANS,1
BLANDAESPARTANS,1
BMX TERRASSA,1
BOSTEZOS,1
BP BIKERS,1
BSTZS BIKERS,1
BTT ALCANAR,1
BTT BASF CASTELLBISBAL,1
BTT BERRELLEN,1
BTT BESALÚ DESFRENATS,1
BTT BRÀFIM,1
BTT CALATAYUD,1
BINÉFAR 2010,1
BINEFAR 2010,1
BINEFAR,1
BIKEBCN,1
BIKE AVENTURA DAGANZO,1
BIKE AVENTURA DAGANZO B,1
BIKE BADIA,1
BIKE BCN C.C,1
BIKE BERGUEDA,1
BIKE BOSS TEAM,1
BIKE MOIA,1
BIKE OR DIE,1
BIKEAMBICI,1
BIKEBCN CC,1
BILBAÍNA,1
BIKEBOOSTEAM,1
BIKEBOSSTEAM I CO,1
BIKERS PARETS,1
BIKESSTOKS,1
BIKETIME TRI,1
BIKEVILLAGE,1
BIKEZONA,1
BIKING POINT,1
BIKINGPOINT,1
BTT CUMBRALES,1
BTT DE LA VALLDIGNA,1
BTT FRANCOLÍ,1
CAMPREDO,1
C.N.T.TRRASSA,1
C.N.VILAFRANCA-TRIATLÓ,1
C.P.C. TOXO,1
CA S'ARROSE TEAM,1
CA S´ARRORSER,1
CADREITA,1
CAMINANDO CON AITANA,1
CAMPDEVANOL,1
CAMPLLONG,1
CAN XUMEIA TEAM,1
C.E. MEDITERRANI,1
CANT  ATLÈTIC NATACIÓ TORELLO,1
CAP MONTERESMA,1
CARCER C.C,1
CARIBEÑOS,1
CASSÀ BIKE,1
CASTELLDEFELS,1
CASTELLDEFELS BS,1
CASTILLO DE MULA,1
CASTREÑO,1
C.E.C COLLBLANC,1
C.D PATERBERG,1
BTT GORMAZ,1
C FRANCISCO PIZARRO TRUJILLO,1
BTT GROUP TERRASSA 2012,1
BTT LA RAPITA,1
BTT TÀRREGA,1
BTT ULTREIA,1
BTT VALDESPARTERA,1
BTTLEZOKOAK,1
BTTSORDS,1
C D RUNNING MTB HORCAJO,1
C FRANCISCO PIZARRO,1
C POBLA,1
C.D BARRANCO SOT DE CHERA,1
C VALLE DE BENASQUE,1
C. C. LECIÑENA,1
C.A VILA DE ALACUAS,1
C.C ALCOLETGE,1
C.C EDELWEISS,1
C.C EL GARBÍ,1
C.C MEDINA,1
C.C OSCENSE,1
C.C SANT CELONI,1
BIKE ALTORRICON,1
BIG BIKERS,1
LODOSA,1
BIDEGORRI,1
ALMORZARAS PRIMERO,1
ALMORZARÁS,1
ALMORZARÁS.COM,1
ALMOZAR.AS,1
ALOHA TRIATHLON,1
ALOÑA MENDI,1
ALPEBIKE,1
ALT LLOBREGAT PLA I BAIXADA,1
ALTZA HERRIA K.T.,1
AMAIKAK BAT,1
AMAIKAK-BAT,1
AMAYA,1
AMETLLER ORIGEN & PALO BIKE,1
AMETLLER ORIGEN BY PALO BIKE,1
AMICS CURSES POPULARS,1
AMICS DEL CLOT - BORRIANA,1
AMIGOS DEL 10%,1
AMUNT CC,1
ANDARINES DE ARAGON,1
ANTAS BIKE,1
APACHES BIKERS,1
ALMORZA.AS,1
ALMOGAVAR,1
ALLOUT CYCLING,1
A LAS 11 EN CASA MTB,1
.NOLIMITS VALLES,1
.OPOZAL,1
/HUAR,1
3COMSQU,1
3SENDES,1
3XTREME,1
73FACTORY BG TEAM,1
A  D'ALFORJA,1
A -  D’ALFORJA,1
A...Z SPORT,1
ALHAMA,1
A340KA ALFAJARIN,1
ABENDAÑO,1
AITANA,1
AIZKOLARI,1
ALCALÁ DE HENARES CYCLING CULTURE,1
ALCAR BIKES C.D.C.,1
ALDAPA CYCLE STORE,1
ALEN BIKES,1
ALFINDEN,1
ARBUCIES,1
ARIZ MENDIKLETA,1
ARIZ T.E,1
BESÓS,1
BCLB,1
BCNTRIATHLON,1
BEARS,1
BENABARRE,1
BENTOR,1
BERA BERA RUGBY,1
BERANGO*,1
BERRIATUKO TXIRRINDULARI ELKARTEA,1
BESTIAL WOLF,1
BETETEROS DOMINGUERO MOLLERUSSA,1
BASOA DREAM TEAM,1
BGR,1
BH FACTORY TEAM,1
BIAMON,1
BICI 3.0,1
BICI MUNTANYA EL PAPIOL,1
BICICLETAS TOPE,1
BICIGRINOS,1
BICIKLETOS,1
BICILOKURA,1
BAÑOLAS,1
BASAHUNTZAK B.K.T,1
ARMANTES,1
AUCH TRIATHLON,1
ARROYOBIKER,1
ARTBIKE,1
ASC PLBND,1
ASCÓ,1
ATALAYA BIKERS,1
ATALAYA BIKERS TEAM,1
ATALAYABIKER  DEPORTIVO,1
ATALAYABIKERS  DEPORTIVO,1
ATOTACANYA,1
AVENTURA DAGANZO (BAD),1
BASAHUNTZAK,1
B&R,1
BAIX TER C C,1
BANAN BANAN,1
BARAKA BIKE,1
BARAKA BIKE CERVECERA POLLITO,1
BARBERÀ,1
BARBERÁ,1
BARCELONA,1
BARRANKA,1
CASTRO BTT,1
CAVALL BERNAT,1
CAYÓN,1
CB RIUDECOLS,1
FITBIKE MADRID,1
FLIX,1
FLOP CMC,1
FORCES* FORTS I FERMS,1
FUGITIVE CYCLING,1
GARRAIKO TRIATLOI TALDEA,1
GC AMIGOS DE CALACEITE,1
GEIC CARCALIN,1
GEIC CARCALÍN,1
GEPS,1
GETXO TRIATLOI TALDEA,1
GLOBER BIKERS ORTUELLA,1
GLOBEROS VALDEFIERRO,1
GOBIKE,1
GORDEXOLA,1
GOROSBIKE CASTAÑEDA,1
GR BIKES,1
GRACUS,1
GRAVELÀES,1
GRAÑEN,1
GRAÑÉN,1
FERRO ELT,1
FEMENINO BUKARDAS,1
FANEGAS CC,1
ESPORT CICLISTA CALDERÍ,1
ERMUKO TXIRRINDUALRI ELKARTEA,1
ERMUKO TXIRRINDULARI,1
ERMUKO TXIRRINDULARI ELKARTE,1
ERMUKO TXIRRINDULARI TALDEA,1
ERMUKO TXIRRINDULARIA ELKARTEA,1
ESCALADA I MUNTANYA PARDINYESP,1
ESCAPA,1
ESCATRON,1
ESCUELA CICLISTA ZARAGOZA,1
ESPORTIU CAMÍ DELS IBERS TRAIL RUNNING,1
FANATIK VIC,1
ESPORTIU CICLISTA KE PASA TIU TEAM,1
ESPÍRITU LO NEGRELL,1
EXCURSIONISTA,1
EZ ESAN INORI B,1
F2,1
F2/ALJU,1
F2ALJU,1
FABARA,1
FABREGUES BICICLETES,1
GRUP EXCTA SANTFELIUENC,1
GUINEO TEAM,1
GURUTZEAGA TXIRRINDULARI ELKARTEA,1
LAUDIOAR TX. E.,1
LA FALDRIJA,1
LA GRUPETA DE LAURA,1
LA MARCA,1
LA TORRETA BIKE,1
LAGUN ONAK,1
LAPLANA CYCLING TEAM,1
LARRAGA,1
LARTAUN,1
LAS TREMENS,1
LAUDIOAR TXIRRINDULARI ELKARTEA,1
LA BASCULA,1
LEA LA BLANCA,1
LEFA TEAM LINBIKES,1
LEITZ,1
LEONES,1
LES CABRES MTB,1
LETUX,1
LEZOKUAK LTT,1
LLORONES Y MACHACAS,1
LOCAL LEGENDS RIBEROS DEL TAJO,1
LA BRAÑA-SOLORUNNERS,1
KPT TEAM,1
HIGUERUELAS B,1
IRUNWITHLEIVA,1
HIJAR,1
HUESCA,1
I,1
IBARREKOLANDAKO TXIRRINDULARI ELKARTEA,1
IBERIA,1
ICC ILLES,1
IL TRENO SOCIAL,1
INDOOR HUESCA,1
IRUNES,1
ITECH GLOBAL SOLUTIONS,1
KORRIKAZALEAK,1
J.A.MONTCADA,1
JABALÍS,1
JABATOS,1
KATALINO,1
KATALINO TRAPAGARA,1
KATALINO TRAPAGARAN CC,1
KEPASATIU,1
KEPASATIUTEAM,1
KILÒMETRE 1,1
ERMUKO,1
ENTRENAMIENTOCICLISMO.COM,1
ENKAR B,1
COLLBATÓ,1
CIUTADELLA,1
CIUTAT DE REUS,1
CLEMBUTEROLES B,1
CLEMBUTEROLES BTT,1
CLICISTA TRES CANTOS,1
CN CALDES,1
CN HELIOS,1
CN TERRASSA TRIATLO,1
CNMATARO,1
COLLBLANC,1
CIRSA BIKE,1
COLOMENC,1
CONCORDIA,1
COR3FIT,1
COTA 705,1
COYOTES BIKE CUBELLES,1
COYOTES DE ÉPILA,1
CP,1
CP20,1
CROKSLIFE,1
CISLISTA OSCENSE,1
CICLOTURISTA GORDEXOLA,1
CROSS ACADEMY,1
CHATARRAS TORREVIEJA,1
CE CAMÍ DELS ÍBERS TRAILRUN,1
CE MEDITERRANI,1
CEADEA MTB,1
CEGUB,1
CELIRUNERS,1
CEME,1
CENTRE EXCURSIONISTA DEL PENEDÈS,1
CERVERA,1
CHAMARTÍN,1
CICLES 02,1
CICLOSPORT JAUME 1,1
CICLES VIC,1
CICLISME UNICA PALAU,1
CICLISTA OSCENSE,1
CICLO SPORT,1
CICLOS GETXO XC,1
CICLOS GORLIZ,1
CICLOS MARTIN CC,1
CICLOS SERRANO,1
CICLOS TRUJILLO,1
CROKSLIFE BIKE TEAM,1
CRUZADOS BTT ZARAGOZA,1
ENBIZZI.C.C.,1
ELGOIBARKO LAGUN TALDEA,1
EASTERN WATTS,1
EBIKE NIULIONS TEAM,1
EDIBIKES -ESQUENAPLELATS,1
EL BICHO BICICLETAS C.D.,1
EL PEDAL ARAGONÉS,1
EL PIÑON CORTÉS,1
EL TIO DE LA BARBA,1
EL TRENECITO DE LA BRUJA,1
EL TRICICLE,1
ELITE TEAM,1
DRACSBIKES,1
ELORRIOKO BANAN BANAN,1
ELORRIOKO TXIRRINDULARI ELKARTEA,1
ELTRENECITO DE LA BRUJA,1
EMAC,1
EMBIZZI,1
ENALINA BIKE,1
ENBIZZI,1
ENBIZZI C.C,1
ENBIZZI CC,1
E.C BAIX CAMP,1
DONOSTI GAIN* S.C.D.,1
CRUZADOS ZARAGOZA,1
DE MONTAÑA AIRE LIBRE DE TORRES DE BERRELLÉN,1
CT MONTORNÈS,1
CUARTE,1
CULTURAL REAL SITIO DE ARANJUEZ,1
CUMBRALES,1
CYCLING NO LIMIT CARDEDEU,1
CYCLINGNOLIMIT,1
D'ALFORJA,1
DE ALFORJA,1
DE CICLISMO DE TRES CANTOS,1
DEMECASAS PASICO A PASICO,1
DONES BICIBLES,1
DENIA VELOSOL CYCLING TEAM,1
DEPORTES BALAGUER,1
DEPORTIVO LIEBANA,1
DICT BIKES RACING TEAM,1
DIFFERENT BIKE,1
DISNOVA TEAM,1
DOMINGUEROS B,1
DOMINREIDERS,1
DOMINRIDERS,1
ZÉBRA FACTORY,1
